kind,id,source_rel,build_rel,drupal_rel,size
loop,bg_catacomb_gate_V01 - Copy,Video Loops/bg_catacomb_gate_V01 - Copy.mp4,_webp/loops/bg_catacomb_gate_V01 - Copy.mp4,outskirts/loops/bg_catacomb_gate_V01 - Copy.mp4,
loop,bg_catacomb_gate_V01,Video Loops/bg_catacomb_gate_V01.mp4,_webp/loops/bg_catacomb_gate_V01.mp4,outskirts/loops/bg_catacomb_gate_V01.mp4,
loop,bg_neon_bog_V01 - Copy,Video Loops/bg_neon_bog_V01 - Copy.mp4,_webp/loops/bg_neon_bog_V01 - Copy.mp4,outskirts/loops/bg_neon_bog_V01 - Copy.mp4,
loop,bg_neon_bog_V01,Video Loops/bg_neon_bog_V01.mp4,_webp/loops/bg_neon_bog_V01.mp4,outskirts/loops/bg_neon_bog_V01.mp4,
loop,bg_wasteland_ridge_outlook_V01 - Copy,Video Loops/bg_wasteland_ridge_outlook_V01 - Copy.mp4,_webp/loops/bg_wasteland_ridge_outlook_V01 - Copy.mp4,outskirts/loops/bg_wasteland_ridge_outlook_V01 - Copy.mp4,
loop,bg_wasteland_ridge_outlook_V01,Video Loops/bg_wasteland_ridge_outlook_V01.mp4,_webp/loops/bg_wasteland_ridge_outlook_V01.mp4,outskirts/loops/bg_wasteland_ridge_outlook_V01.mp4,
loop,video_loops_aftermath_quiet - Copy (2),Video Loops/video_loops_aftermath_quiet - Copy (2).mp4,_webp/loops/video_loops_aftermath_quiet - Copy (2).mp4,outskirts/loops/video_loops_aftermath_quiet - Copy (2).mp4,
loop,video_loops_data_aftermath_quiet - Copy (2),Video Loops/video_loops_data_aftermath_quiet - Copy (2).mp4,_webp/loops/video_loops_data_aftermath_quiet - Copy (2).mp4,outskirts/loops/video_loops_data_aftermath_quiet - Copy (2).mp4,
loop,video_loops_data_aftermath_quiet - Copy (3) - Copy,Video Loops/video_loops_data_aftermath_quiet - Copy (3) - Copy.mp4,_webp/loops/video_loops_data_aftermath_quiet - Copy (3) - Copy.mp4,outskirts/loops/video_loops_data_aftermath_quiet - Copy (3) - Copy.mp4,
loop,video_loops_data_aftermath_quiet - Copy (3),Video Loops/video_loops_data_aftermath_quiet - Copy (3).mp4,_webp/loops/video_loops_data_aftermath_quiet - Copy (3).mp4,outskirts/loops/video_loops_data_aftermath_quiet - Copy (3).mp4,
loop,video_loops_data_aftermath_quiet - Copy - Copy,Video Loops/video_loops_data_aftermath_quiet - Copy - Copy.mp4,_webp/loops/video_loops_data_aftermath_quiet - Copy - Copy.mp4,outskirts/loops/video_loops_data_aftermath_quiet - Copy - Copy.mp4,
loop,video_loops_data_aftermath_quiet - Copy,Video Loops/video_loops_data_aftermath_quiet - Copy.mp4,_webp/loops/video_loops_data_aftermath_quiet - Copy.mp4,outskirts/loops/video_loops_data_aftermath_quiet - Copy.mp4,
loop,video_loops_data_aftermath_quiet,Video Loops/video_loops_data_aftermath_quiet.mp4,_webp/loops/video_loops_data_aftermath_quiet.mp4,outskirts/loops/video_loops_data_aftermath_quiet.mp4,
loop,video_loops_data_bunker_beacon_surge - Copy (2),Video Loops/video_loops_data_bunker_beacon_surge - Copy (2).mp4,_webp/loops/video_loops_data_bunker_beacon_surge - Copy (2).mp4,outskirts/loops/video_loops_data_bunker_beacon_surge - Copy (2).mp4,
loop,video_loops_data_bunker_beacon_surge - Copy - Copy,Video Loops/video_loops_data_bunker_beacon_surge - Copy - Copy.mp4,_webp/loops/video_loops_data_bunker_beacon_surge - Copy - Copy.mp4,outskirts/loops/video_loops_data_bunker_beacon_surge - Copy - Copy.mp4,
loop,video_loops_data_bunker_beacon_surge - Copy,Video Loops/video_loops_data_bunker_beacon_surge - Copy.mp4,_webp/loops/video_loops_data_bunker_beacon_surge - Copy.mp4,outskirts/loops/video_loops_data_bunker_beacon_surge - Copy.mp4,
loop,video_loops_data_bunker_beacon_surge,Video Loops/video_loops_data_bunker_beacon_surge.mp4,_webp/loops/video_loops_data_bunker_beacon_surge.mp4,outskirts/loops/video_loops_data_bunker_beacon_surge.mp4,
loop,video_loops_data_bunker_core - Copy,Video Loops/video_loops_data_bunker_core - Copy.mp4,_webp/loops/video_loops_data_bunker_core - Copy.mp4,outskirts/loops/video_loops_data_bunker_core - Copy.mp4,
loop,video_loops_data_bunker_core,Video Loops/video_loops_data_bunker_core.mp4,_webp/loops/video_loops_data_bunker_core.mp4,outskirts/loops/video_loops_data_bunker_core.mp4,
loop,video_loops_data_bunker_signal_drift - Copy (2) - Copy,Video Loops/video_loops_data_bunker_signal_drift - Copy (2) - Copy.mp4,_webp/loops/video_loops_data_bunker_signal_drift - Copy (2) - Copy.mp4,outskirts/loops/video_loops_data_bunker_signal_drift - Copy (2) - Copy.mp4,
loop,video_loops_data_bunker_signal_drift - Copy (2),Video Loops/video_loops_data_bunker_signal_drift - Copy (2).mp4,_webp/loops/video_loops_data_bunker_signal_drift - Copy (2).mp4,outskirts/loops/video_loops_data_bunker_signal_drift - Copy (2).mp4,
loop,video_loops_data_bunker_signal_drift - Copy (3) - Copy,Video Loops/video_loops_data_bunker_signal_drift - Copy (3) - Copy.mp4,_webp/loops/video_loops_data_bunker_signal_drift - Copy (3) - Copy.mp4,outskirts/loops/video_loops_data_bunker_signal_drift - Copy (3) - Copy.mp4,
loop,video_loops_data_bunker_signal_drift - Copy (3),Video Loops/video_loops_data_bunker_signal_drift - Copy (3).mp4,_webp/loops/video_loops_data_bunker_signal_drift - Copy (3).mp4,outskirts/loops/video_loops_data_bunker_signal_drift - Copy (3).mp4,
loop,video_loops_data_bunker_signal_drift - Copy - Copy (2),Video Loops/video_loops_data_bunker_signal_drift - Copy - Copy (2).mp4,_webp/loops/video_loops_data_bunker_signal_drift - Copy - Copy (2).mp4,outskirts/loops/video_loops_data_bunker_signal_drift - Copy - Copy (2).mp4,
loop,video_loops_data_bunker_signal_drift - Copy - Copy - Copy,Video Loops/video_loops_data_bunker_signal_drift - Copy - Copy - Copy.mp4,_webp/loops/video_loops_data_bunker_signal_drift - Copy - Copy - Copy.mp4,outskirts/loops/video_loops_data_bunker_signal_drift - Copy - Copy - Copy.mp4,
loop,video_loops_data_bunker_signal_drift - Copy - Copy,Video Loops/video_loops_data_bunker_signal_drift - Copy - Copy.mp4,_webp/loops/video_loops_data_bunker_signal_drift - Copy - Copy.mp4,outskirts/loops/video_loops_data_bunker_signal_drift - Copy - Copy.mp4,
loop,video_loops_data_bunker_signal_drift - Copy,Video Loops/video_loops_data_bunker_signal_drift - Copy.mp4,_webp/loops/video_loops_data_bunker_signal_drift - Copy.mp4,outskirts/loops/video_loops_data_bunker_signal_drift - Copy.mp4,
loop,video_loops_data_bunker_silent_approach - Copy (2),Video Loops/video_loops_data_bunker_silent_approach - Copy (2).mp4,_webp/loops/video_loops_data_bunker_silent_approach - Copy (2).mp4,outskirts/loops/video_loops_data_bunker_silent_approach - Copy (2).mp4,
loop,video_loops_data_bunker_silent_approach - Copy - Copy,Video Loops/video_loops_data_bunker_silent_approach - Copy - Copy.mp4,_webp/loops/video_loops_data_bunker_silent_approach - Copy - Copy.mp4,outskirts/loops/video_loops_data_bunker_silent_approach - Copy - Copy.mp4,
loop,video_loops_data_bunker_silent_approach - Copy,Video Loops/video_loops_data_bunker_silent_approach - Copy.mp4,_webp/loops/video_loops_data_bunker_silent_approach - Copy.mp4,outskirts/loops/video_loops_data_bunker_silent_approach - Copy.mp4,
loop,video_loops_data_bunker_silent_approach,Video Loops/video_loops_data_bunker_silent_approach.mp4,_webp/loops/video_loops_data_bunker_silent_approach.mp4,outskirts/loops/video_loops_data_bunker_silent_approach.mp4,
loop,video_loops_neon_bog_beacon_surge - Copy,Video Loops/video_loops_neon_bog_beacon_surge - Copy.mp4,_webp/loops/video_loops_neon_bog_beacon_surge - Copy.mp4,outskirts/loops/video_loops_neon_bog_beacon_surge - Copy.mp4,
loop,video_loops_neon_bog_beacon_surge,Video Loops/video_loops_neon_bog_beacon_surge.mp4,_webp/loops/video_loops_neon_bog_beacon_surge.mp4,outskirts/loops/video_loops_neon_bog_beacon_surge.mp4,
loop,video_loops_neon_bog_core - Copy (2),Video Loops/video_loops_neon_bog_core - Copy (2).mp4,_webp/loops/video_loops_neon_bog_core - Copy (2).mp4,outskirts/loops/video_loops_neon_bog_core - Copy (2).mp4,
loop,video_loops_neon_bog_core - Copy (3) - Copy,Video Loops/video_loops_neon_bog_core - Copy (3) - Copy.mp4,_webp/loops/video_loops_neon_bog_core - Copy (3) - Copy.mp4,outskirts/loops/video_loops_neon_bog_core - Copy (3) - Copy.mp4,
loop,video_loops_neon_bog_core - Copy (3),Video Loops/video_loops_neon_bog_core - Copy (3).mp4,_webp/loops/video_loops_neon_bog_core - Copy (3).mp4,outskirts/loops/video_loops_neon_bog_core - Copy (3).mp4,
loop,video_loops_neon_bog_core - Copy - Copy,Video Loops/video_loops_neon_bog_core - Copy - Copy.mp4,_webp/loops/video_loops_neon_bog_core - Copy - Copy.mp4,outskirts/loops/video_loops_neon_bog_core - Copy - Copy.mp4,
loop,video_loops_neon_bog_core - Copy,Video Loops/video_loops_neon_bog_core - Copy.mp4,_webp/loops/video_loops_neon_bog_core - Copy.mp4,outskirts/loops/video_loops_neon_bog_core - Copy.mp4,
loop,video_loops_neon_bog_core,Video Loops/video_loops_neon_bog_core.mp4,_webp/loops/video_loops_neon_bog_core.mp4,outskirts/loops/video_loops_neon_bog_core.mp4,
loop,video_loops_neon_bog_signal_interference - Copy (2),Video Loops/video_loops_neon_bog_signal_interference - Copy (2).mp4,_webp/loops/video_loops_neon_bog_signal_interference - Copy (2).mp4,outskirts/loops/video_loops_neon_bog_signal_interference - Copy (2).mp4,
loop,video_loops_neon_bog_signal_interference - Copy - Copy,Video Loops/video_loops_neon_bog_signal_interference - Copy - Copy.mp4,_webp/loops/video_loops_neon_bog_signal_interference - Copy - Copy.mp4,outskirts/loops/video_loops_neon_bog_signal_interference - Copy - Copy.mp4,
loop,video_loops_neon_bog_signal_interference - Copy,Video Loops/video_loops_neon_bog_signal_interference - Copy.mp4,_webp/loops/video_loops_neon_bog_signal_interference - Copy.mp4,outskirts/loops/video_loops_neon_bog_signal_interference - Copy.mp4,
loop,video_loops_neon_bog_signal_interference,Video Loops/video_loops_neon_bog_signal_interference.mp4,_webp/loops/video_loops_neon_bog_signal_interference.mp4,outskirts/loops/video_loops_neon_bog_signal_interference.mp4,
loop,video_loops_neon_bog_silent_approach - Copy (2),Video Loops/video_loops_neon_bog_silent_approach - Copy (2).mp4,_webp/loops/video_loops_neon_bog_silent_approach - Copy (2).mp4,outskirts/loops/video_loops_neon_bog_silent_approach - Copy (2).mp4,
loop,video_loops_neon_bog_silent_approach - Copy (3) - Copy,Video Loops/video_loops_neon_bog_silent_approach - Copy (3) - Copy.mp4,_webp/loops/video_loops_neon_bog_silent_approach - Copy (3) - Copy.mp4,outskirts/loops/video_loops_neon_bog_silent_approach - Copy (3) - Copy.mp4,
loop,video_loops_neon_bog_silent_approach - Copy (3),Video Loops/video_loops_neon_bog_silent_approach - Copy (3).mp4,_webp/loops/video_loops_neon_bog_silent_approach - Copy (3).mp4,outskirts/loops/video_loops_neon_bog_silent_approach - Copy (3).mp4,
loop,video_loops_neon_bog_silent_approach - Copy - Copy,Video Loops/video_loops_neon_bog_silent_approach - Copy - Copy.mp4,_webp/loops/video_loops_neon_bog_silent_approach - Copy - Copy.mp4,outskirts/loops/video_loops_neon_bog_silent_approach - Copy - Copy.mp4,
loop,video_loops_neon_bog_silent_approach - Copy,Video Loops/video_loops_neon_bog_silent_approach - Copy.mp4,_webp/loops/video_loops_neon_bog_silent_approach - Copy.mp4,outskirts/loops/video_loops_neon_bog_silent_approach - Copy.mp4,
loop,video_loops_neon_bog_silent_approach,Video Loops/video_loops_neon_bog_silent_approach.mp4,_webp/loops/video_loops_neon_bog_silent_approach.mp4,outskirts/loops/video_loops_neon_bog_silent_approach.mp4,
loop,video_loops_neon_fog_marsh_aftermath_quiet,Video Loops/video_loops_neon_fog_marsh_aftermath_quiet.mp4,_webp/loops/video_loops_neon_fog_marsh_aftermath_quiet.mp4,outskirts/loops/video_loops_neon_fog_marsh_aftermath_quiet.mp4,
loop,video_loops_neon_fog_marsh_beacon_surge,Video Loops/video_loops_neon_fog_marsh_beacon_surge.mp4,_webp/loops/video_loops_neon_fog_marsh_beacon_surge.mp4,outskirts/loops/video_loops_neon_fog_marsh_beacon_surge.mp4,
loop,video_loops_neon_fog_marsh_core,Video Loops/video_loops_neon_fog_marsh_core.mp4,_webp/loops/video_loops_neon_fog_marsh_core.mp4,outskirts/loops/video_loops_neon_fog_marsh_core.mp4,
loop,video_loops_neon_fog_marsh_signal_drift,Video Loops/video_loops_neon_fog_marsh_signal_drift.mp4,_webp/loops/video_loops_neon_fog_marsh_signal_drift.mp4,outskirts/loops/video_loops_neon_fog_marsh_signal_drift.mp4,
loop,video_loops_neon_fog_marsh_signal_interference,Video Loops/video_loops_neon_fog_marsh_signal_interference.mp4,_webp/loops/video_loops_neon_fog_marsh_signal_interference.mp4,outskirts/loops/video_loops_neon_fog_marsh_signal_interference.mp4,
loop,video_loops_neon_fog_marsh_silent_approach,Video Loops/video_loops_neon_fog_marsh_silent_approach.mp4,_webp/loops/video_loops_neon_fog_marsh_silent_approach.mp4,outskirts/loops/video_loops_neon_fog_marsh_silent_approach.mp4,
loop,video_loops_signal_interference - Copy,Video Loops/video_loops_signal_interference - Copy.mp4,_webp/loops/video_loops_signal_interference - Copy.mp4,outskirts/loops/video_loops_signal_interference - Copy.mp4,
loop,video_loops_signal_interference,Video Loops/video_loops_signal_interference.mp4,_webp/loops/video_loops_signal_interference.mp4,outskirts/loops/video_loops_signal_interference.mp4,
loop,video_loops_underboard_alley_core - Copy,Video Loops/video_loops_underboard_alley_core - Copy.mp4,_webp/loops/video_loops_underboard_alley_core - Copy.mp4,outskirts/loops/video_loops_underboard_alley_core - Copy.mp4,
loop,video_loops_underboard_alley_core,Video Loops/video_loops_underboard_alley_core.mp4,_webp/loops/video_loops_underboard_alley_core.mp4,outskirts/loops/video_loops_underboard_alley_core.mp4,
loop,video_loops_underboard_alley_signal_drift,Video Loops/video_loops_underboard_alley_signal_drift.mp4,_webp/loops/video_loops_underboard_alley_signal_drift.mp4,outskirts/loops/video_loops_underboard_alley_signal_drift.mp4,
loop,video_loops_underboard_alley_silent_approach - Copy,Video Loops/video_loops_underboard_alley_silent_approach - Copy.mp4,_webp/loops/video_loops_underboard_alley_silent_approach - Copy.mp4,outskirts/loops/video_loops_underboard_alley_silent_approach - Copy.mp4,
loop,video_loops_underboard_alley_silent_approach,Video Loops/video_loops_underboard_alley_silent_approach.mp4,_webp/loops/video_loops_underboard_alley_silent_approach.mp4,outskirts/loops/video_loops_underboard_alley_silent_approach.mp4,
